{"train loss": 0.07075183093547821, "step": 916, "epoch": 1, "_timestamp": 1716807886.8568563, "_runtime": 1332.7209722995758, "_step": 915}